period_start,scope1_carbon_kg,scope2_carbon_kg,scope3_carbon_kg,total_carbon_kg,total_carbon_t,scope1_share,scope2_share,scope3_share
2025-05-11 00:00:00+00:00,0.8392708921311262,7222.671609703077,4185.407462623831,11408.918343219038,11.40891834321904,7.356270479663412e-05,0.6330724256603972,0.3668540116348062
2025-05-12 00:00:00+00:00,0.8757677504237336,10215.389893775033,4279.64029122064,14495.905952746096,14.495905952746096,6.041483390403955e-05,0.7047086209772101,0.2952309641888859
2025-05-13 00:00:00+00:00,0.8757938760430669,8204.626801651364,4402.220181542355,12607.72277706976,12.60772277706976,6.946487415125538e-05,0.6507619930042793,0.3491685421215695
2025-05-14 00:00:00+00:00,0.8757889514465336,10480.4067869448,4415.781907549993,14897.06448344624,14.89706448344624,5.878936433548493e-05,0.7035216098172045,0.29641960081846
2025-05-15 00:00:00+00:00,0.8757883360681336,10908.459924362684,4429.512047110534,15338.847759809289,15.338847759809289,5.709609677220126e-05,0.7111655383232197,0.288777365580008
2025-05-16 00:00:00+00:00,0.8757802135126669,10099.311951801965,4437.141276813996,14537.329008829474,14.537329008829474,6.024354356847452e-05,0.694715786212721,0.3052239702437104
2025-05-17 00:00:00+00:00,0.8757798195101335,9969.732838364303,4949.721143600449,14920.329761784262,14.92032976178426,5.8697082001048384e-05,0.6681978882196008,0.3317434146983982
2025-05-18 00:00:00+00:00,0.8757692285645335,9976.038907637214,4905.0902454601855,14882.004922325965,14.882004922325963,5.884752982783292e-05,0.6703424007521441,0.3295987517180279
2025-05-19 00:00:00+00:00,0.8757743469166669,10278.332002875335,4875.418363376157,15154.626140598408,15.154626140598408,5.77892413043774e-05,0.6782306542911177,0.3217115564675779
2025-05-20 00:00:00+00:00,0.8757611447288002,10732.381961763302,4940.780140948249,15674.03786385628,15.67403786385628,5.587335901160933e-05,0.6847234933961565,0.3152206332448319
2025-05-21 00:00:00+00:00,0.8757631494665336,10860.833850254628,4737.835306629643,15599.54492003374,15.59954492003374,5.614030114056939e-05,0.6962276083007131,0.3037162513981463
2025-05-22 00:00:00+00:00,0.8757650964385335,11873.181300328177,4346.65282523326,16220.709890657876,16.220709890657876,5.399055296235339e-05,0.731976675519386,0.2679693339276515
2025-05-23 00:00:00+00:00,0.8757755937662669,10617.962938159168,4437.357813961828,15056.19652771476,15.05619652771476,5.816712023877871e-05,0.7052221268906862,0.2947197059890751
2025-05-24 00:00:00+00:00,0.8757689754168002,9797.950424982564,4336.100088833869,14134.92628279185,14.13492628279185,6.195780281379885e-05,0.6931730826860265,0.3067649595111597
2025-05-25 00:00:00+00:00,0.8757937915844002,9699.584272533217,4159.360436670707,13859.82050299551,13.85982050299551,6.318940359978801e-05,0.6998347684543862,0.3001020421420139
2025-05-26 00:00:00+00:00,0.8758053231598669,10620.728644700015,3899.4638554018734,14521.068305425048,14.521068305425048,6.031273352200041e-05,0.7314013281469194,0.2685383591195587
2025-05-27 00:00:00+00:00,0.8767169280496002,5885.963182713967,5844.061204170416,11730.901103812434,11.730901103812434,7.473568486266374e-05,0.5017485980510981,0.4981766662640392
2025-05-28 00:00:00+00:00,0.8783217165605335,4175.749995901159,5966.289126895769,10142.917444513489,10.142917444513488,8.659458399078617e-05,0.4116912139672307,0.5882221914487785
2025-05-29 00:00:00+00:00,0.8776142101618669,3020.1492968917664,5987.756403032627,9008.783314134556,9.008783314134554,9.741761784689752e-05,0.3352449705559271,0.664657611826226
2025-05-30 00:00:00+00:00,0.8761134755746669,3378.1342403609647,6987.334522025008,10366.344875861549,10.366344875861548,8.45151773422793e-05,0.3258751547256629,0.6740403300969948
2025-05-31 00:00:00+00:00,0.8774609472852002,2329.185215516813,7293.253804451757,9623.316480915855,9.623316480915856,9.118072226194642e-05,0.2420356038519418,0.7578732154257962
2025-06-01 00:00:00+00:00,0.8785922818109335,2652.3319043617607,6727.687134024505,9380.897630668078,9.38089763066808,9.36575918853048e-05,0.2827375384303037,0.7171688039778109
2025-06-02 00:00:00+00:00,0.8781894299210669,4265.612396333715,6118.126107484906,10384.616693248545,10.384616693248542,8.456637889119327e-05,0.4107626234396269,0.5891528101814818
2025-06-03 00:00:00+00:00,0.8769456053965335,4464.94244743897,6218.605317130337,10684.424710174704,10.684424710174705,8.207700734335507e-05,0.4178926398523858,0.5820252831402708
2025-06-04 00:00:00+00:00,0.8773817118021335,8847.098417348088,7063.542575786687,15911.518374846575,15.911518374846578,5.514129394395986e-05,0.556018489808858,0.443926368897198
2025-06-05 00:00:00+00:00,0.8777942792206669,6182.900035981883,7548.161417736177,13731.93924799728,13.731939247997282,6.392354811420301e-05,0.4502568737247815,0.5496792027271042
2025-06-06 00:00:00+00:00,0.8782528641292002,7121.833717524578,7547.338581953677,14670.050552342384,14.670050552342383,5.986706460183047e-05,0.4854675648263138,0.5144725681090843
2025-06-07 00:00:00+00:00,0.8785049952626669,6662.077502622942,6346.546327511112,13009.502335129317,13.009502335129316,6.752794785166042e-05,0.5120931862730412,0.4878392857791071
2025-06-08 00:00:00+00:00,0.8781295252149336,6607.324713801707,4673.711960596566,11281.914803923488,11.281914803923488,7.783514948274102e-05,0.5856563206366255,0.4142658442138917
2025-06-09 00:00:00+00:00,0.8775313275909336,13122.82190141527,4764.075648322969,17887.77508106583,17.88777508106583,4.905760071412116e-05,0.7336195721348122,0.2663313702644737
2025-06-10 00:00:00+00:00,0.8766381777330668,15761.025908672284,5077.653071714963,20839.55561856498,20.83955561856498,4.206606867145051e-05,0.7563033587257267,0.2436545752056018
2025-06-11 00:00:00+00:00,0.8764361555556002,18529.42679454201,4702.65412124115,23232.95735193872,23.232957351938715,3.7723830947525256e-05,0.797549210539733,0.2024130656293194
2025-06-12 00:00:00+00:00,0.8777476987822669,17317.96965602121,4542.76350767679,21861.610911396783,21.861610911396784,4.0150183915526736e-05,0.7921634744214158,0.2077963753946686
2025-06-13 00:00:00+00:00,0.8782758545486669,17719.60750738897,4682.6431802333545,22403.128963476876,22.403128963476878,3.9203267364147786e-05,0.7909434229601007,0.2090173737725352
2025-06-14 00:00:00+00:00,0.8792700372876002,16467.49556545869,4689.399084776994,21157.773920272968,21.15777392027297,4.155777638048683e-05,0.7783189114087212,0.2216395308148983
2025-06-15 00:00:00+00:00,0.8783141943892002,17901.625545978997,4685.016884955347,22587.52074512873,22.58752074512873,3.888493138755031e-05,0.7925449520545407,0.2074161630140716
2025-06-16 00:00:00+00:00,0.8786834351394669,13982.13375210299,4689.442215819988,18672.454651358115,18.67245465135812,4.705773566174156e-05,0.7488106953889974,0.2511422468753409
2025-06-17 00:00:00+00:00,0.8804866294561335,12028.157780932406,4680.699495843755,16709.737763405617,16.709737763405617,5.269302498477279e-05,0.7198292367743863,0.2801180702006289
2025-06-18 00:00:00+00:00,0.8791828570402669,10855.079211032984,4679.19576928734,15535.154163177363,15.535154163177364,5.659312085387441e-05,0.6987429347024144,0.3012004721767316
2025-06-19 00:00:00+00:00,0.8775157892553336,13811.585106066985,4685.756168872416,18498.218790728657,18.498218790728657,4.7437853297266985e-05,0.7466440559665873,0.2533085061801153
2025-06-20 00:00:00+00:00,0.8794557284117336,13087.3853770931,4695.488864759044,17783.753697580556,17.783753697580558,4.945276140050128e-05,0.7359180519281265,0.2640324953104729
2025-06-21 00:00:00+00:00,0.8792716231560002,12264.109699355711,4692.892842474001,16957.88181345287,16.95788181345287,5.185032145102371e-05,0.7232099995900704,0.2767381500884785
2025-06-22 00:00:00+00:00,0.8785807999976002,12682.554359415204,4685.289068529113,17368.722008744313,17.368722008744314,5.058407864178361e-05,0.7301950225831325,0.2697543933382258
2025-06-23 00:00:00+00:00,0.8785275302188003,13514.958737091643,4649.468738167133,18165.306002788995,18.165306002788995,4.83629359221318e-05,0.7439984074596175,0.2559532296044603
2025-06-24 00:00:00+00:00,0.8778427389072002,13011.876038951848,4677.181955986249,17689.935837677003,17.689935837677,4.962385092644159e-05,0.7355524722276514,0.2643979039214222
2025-06-25 00:00:00+00:00,0.8762193672640002,12742.040564553568,4707.0143266076775,17449.93111052851,17.44993111052851,5.021334248909032e-05,0.7302057804036596,0.2697440062538513
2025-06-26 00:00:00+00:00,0.8768572762973336,12301.776659664254,5048.855306370454,17351.508823311004,17.351508823311004,5.0534929568736616e-05,0.7089744635427524,0.2909750015276789
2025-06-27 00:00:00+00:00,0.8776972347860003,5563.43878155208,6234.647849174478,11798.964327961345,11.798964327961343,7.438765050810617e-05,0.4715192475298673,0.5284063648196246
2025-06-28 00:00:00+00:00,0.8754725535797968,3801.260614791368,5562.485746930982,9364.62183427593,9.36462183427593,9.348722981801948e-05,0.4059171509604563,0.5939893618097256
2025-06-29 00:00:00+00:00,0.8757775988749336,2887.1334485079497,4690.665107925553,7578.674334032377,7.578674334032377,0.0001155581517657,0.3809549429434046,0.6189294989048296
2025-06-30 00:00:00+00:00,0.8757670495737335,6694.473952068861,4635.362117900604,11330.711837019038,11.330711837019038,7.729144136491749e-05,0.5908255410924023,0.4090971674662328
2025-07-01 00:00:00+00:00,0.8757949347724002,6321.457081096544,8958.232853079393,15280.565729110707,15.280565729110709,5.731430041912259e-05,0.4136926075357052,0.5862500781638756
2025-07-02 00:00:00+00:00,0.8757777285161336,10369.600767792774,8957.634793611422,19328.11133913271,19.328111339132708,4.531108669386584e-05,0.5365035717068711,0.4634511172064351
2025-07-03 00:00:00+00:00,0.8759732758097335,12747.486654695103,9001.912647635578,21750.27527560649,21.75027527560649,4.0274123647168765e-05,0.586083922762658,0.4138758031136949
2025-07-04 00:00:00+00:00,0.8760021468350668,15102.57922740229,3562.204529768038,18665.65975931716,18.66565975931716,4.693121797625188e-05,0.809110388924971,0.1908426798570527
2025-07-05 00:00:00+00:00,0.8761435080018669,12355.125488487782,2746.658645450858,15102.66027744664,15.102660277446642,5.801252838284685e-05,0.8180761045746454,0.1818658828969717
2025-07-06 00:00:00+00:00,0.8759142380318669,8464.83001860407,2746.512763410965,11212.218696253069,11.212218696253068,7.812140146040698e-05,0.7549647619193223,0.2449571166792173
2025-07-07 00:00:00+00:00,0.8762035508236002,12327.121252805891,2747.3822315953453,15075.37968795206,15.07537968795206,5.812149139592447e-05,0.8176988910373831,0.1822429874712209
2025-07-08 00:00:00+00:00,0.8758853093692002,8972.086369848139,2741.0839276753386,11714.046182832848,11.714046182832847,7.477222606931722e-05,0.7659254735564299,0.2339997542175007
2025-07-09 00:00:00+00:00,0.8757891417781335,17857.93524063827,2741.5206314320912,20600.33166121214,20.60033166121214,4.251335154118588e-05,0.8668761034688843,0.1330813831795743
2025-07-10 00:00:00+00:00,0.8302484734626169,15684.785354879494,2582.048131460358,18267.663734813315,18.267663734813315,4.544907797270122e-05,0.8586092662187809,0.1413452847032464
2025-07-11 00:00:00+00:00,0.8760899510350668,12239.961347726769,656.4291869788499,12897.266624656651,12.897266624656654,6.79283429994524e-05,0.9490353036764188,0.0508967679805817
2025-07-12 00:00:00+00:00,0.8769228032685336,12156.173769779103,493.9512255508749,12651.001918133246,12.651001918133248,6.931647065926067e-05,0.9608862482547816,0.0390444352745589
2025-07-13 00:00:00+00:00,0.8770441505418669,12333.872137190436,473.8116824223235,12808.5608637633,12.8085608637633,6.847327813565007e-05,0.9629397297930786,0.0369917969287856
2025-07-14 00:00:00+00:00,0.8769426561626669,13790.642893971944,588.848971899255,14380.368808527362,14.380368808527365,6.098193084190246e-05,0.9589909047252168,0.0409481133439411
2025-07-15 00:00:00+00:00,0.8764634336505335,13242.334310546124,490.5513956006067,13733.762169580385,13.733762169580382,6.381816015365822e-05,0.964217535372591,0.0357186464672552
2025-07-16 00:00:00+00:00,0.8759484033886669,14355.751999915105,488.5053097138615,14845.133258032354,14.845133258032352,5.9005762236234e-05,0.9670342293591432,0.0329067648786205
2025-07-17 00:00:00+00:00,0.8758258303376002,13929.845081336744,493.2228922686187,14423.9437994357,14.4239437994357,6.072027474010712e-05,0.9657445477485648,0.0341947319766952
2025-07-18 00:00:00+00:00,0.8761536058511845,13553.240392754797,467.4714848026223,14021.58803116327,14.02158803116327,6.248604679469365e-05,0.9665981030559762,0.0333394108972291
2025-07-19 00:00:00+00:00,0.8757788446117335,12687.661957385788,494.2364353089787,13182.774171539377,13.182774171539377,6.643357712236886e-05,0.9624424868611876,0.0374910795616902
2025-07-20 00:00:00+00:00,0.8757604338493336,11475.93647410323,478.44132555251207,11955.253560089592,11.955253560089592,7.325318776783607e-05,0.9599074094432866,0.0400193373689454
2025-07-21 00:00:00+00:00,0.8757710991242669,12339.8740724366,472.7304844294721,12813.480327965195,12.813480327965197,6.834763676289507e-05,0.9630384373795026,0.0368932149837344
2025-07-22 00:00:00+00:00,0.255432054010458,4109.394769520413,221.63897057272652,4331.289172147151,4.331289172147151,5.897367824181377e-05,0.9487694324235716,0.0511715938981865
2025-07-23 00:00:00+00:00,0.0,0.0,0.0,0.0,0.0,,,
2025-07-24 00:00:00+00:00,0.0,0.0,0.0,0.0,0.0,,,
2025-07-25 00:00:00+00:00,0.0,0.0,0.0,0.0,0.0,,,
2025-07-26 00:00:00+00:00,0.0,0.0,0.0,0.0,0.0,,,
2025-07-27 00:00:00+00:00,0.0,0.0,0.0,0.0,0.0,,,
2025-07-28 00:00:00+00:00,0.0,0.0,0.0,0.0,0.0,,,
2025-07-29 00:00:00+00:00,0.4743702547884001,9080.882764842603,247.1080700711947,9328.465205168586,9.328465205168586,5.085190804223268e-05,0.973459466816813,0.0264896812751448
2025-07-30 00:00:00+00:00,0.8757604083333607,15885.994913126498,481.514262701033,16368.384936235863,16.368384936235866,5.3503165507467214e-05,0.9705291618575352,0.0294173349769573
2025-07-31 00:00:00+00:00,0.8757604191832002,12573.881224498473,495.22765580269873,13069.984640720357,13.069984640720357,6.700546659058144e-05,0.9620425402279172,0.0378904543054921
2025-08-01 00:00:00+00:00,0.8757603817189336,12889.234462377644,696.1670990208544,13586.27732178022,13.58627732178022,6.445918635232025e-05,0.9486950808603662,0.0512404599532813
2025-08-02 00:00:00+00:00,0.8757603918340002,11806.125286473967,696.2546280202143,12503.255674886015,12.503255674886017,7.004258847502003e-05,0.9442440907761086,0.0556858666354162
2025-08-03 00:00:00+00:00,0.8757604004510668,14882.989995847953,696.2458747963211,15580.111631044723,15.580111631044725,5.621014927171884e-05,0.9552556713516932,0.044688118499035
2025-08-04 00:00:00+00:00,0.8757604243334669,16307.927998052885,695.676936590881,17004.480695068098,17.004480695068096,5.1501744748222064e-05,0.9590371085417952,0.0409113897134566
2025-08-05 00:00:00+00:00,0.8757604375729335,14883.271259332332,695.2451261301877,15579.392145900094,15.579392145900094,5.621274754313188e-05,0.9553178403850016,0.0446259468674552
2025-08-06 00:00:00+00:00,0.8757605068946669,20269.12073428008,668.6126162414944,20938.609111028465,20.938609111028462,4.1825151911995895e-05,0.9680261294721928,0.0319320453758952
2025-08-07 00:00:00+00:00,0.8757605103757335,17774.85453201011,678.7644899770144,18454.4947824975,18.4544947824975,4.7455133326452105e-05,0.963172102054402,0.0367804428122716
2025-08-08 00:00:00+00:00,0.8757604787465335,13680.636318304863,674.2582843327477,14355.770363116357,14.355770363116356,6.100407408275253e-05,0.952971242383057,0.0469677535428603
2025-08-09 00:00:00+00:00,0.8757604329790669,13561.43515355678,647.714558210081,14210.02547219984,14.210025472199838,6.162975813747724e-05,0.9543568503862327,0.0455815198556297
2025-08-10 00:00:00+00:00,0.8757603938313335,13194.145364743725,647.5599241337077,13842.581049271264,13.842581049271264,6.326568655904221e-05,0.953156446603455,0.0467802877099858
2025-08-11 00:00:00+00:00,0.8757604015781335,13081.760937439873,647.7437350336544,13730.380432875105,13.730380432875103,6.378267564103842e-05,0.9527602677430392,0.0471759495813196
2025-08-12 00:00:00+00:00,0.8757603625017335,13216.152318578615,648.123027338401,13865.151106279518,13.865151106279518,6.316269875379159e-05,0.9531920869288636,0.0467447503723826
2025-08-13 00:00:00+00:00,0.8757603413442668,16650.21741274709,647.643516798844,17298.73668988728,17.298736689887278,5.062568192371124e-05,0.9625105989664952,0.0374387753515811
2025-08-14 00:00:00+00:00,0.8757604255746668,11874.27201110808,647.8983692261877,12523.046140759843,12.523046140759844,6.993190121086064e-05,0.9481935846630684,0.0517364834357207
2025-08-15 00:00:00+00:00,0.8757603887809335,15690.31875492474,647.586182398561,16338.780697712082,16.33878069771208,5.360010670218288e-05,0.9603114850009496,0.0396349148923482
2025-08-16 00:00:00+00:00,0.8757603817332001,12760.300415142065,647.5920183414944,13408.768193865291,13.408768193865294,6.531251559213867e-05,0.9516385271676252,0.0482961603167826
2025-08-17 00:00:00+00:00,0.8757603741005335,12450.282735101437,648.6394482268278,13099.797943702364,13.099797943702365,6.685296810410341e-05,0.950417921605182,0.049515225426714
2025-08-18 00:00:00+00:00,0.8757603811482668,12260.748702973551,648.1522030132811,12909.77666636798,12.909776666367982,6.783698926641867e-05,0.9497258565994212,0.0502063064113123
2025-08-19 00:00:00+00:00,0.8757603731161335,12865.261671581708,647.7816637775477,13513.91909573237,13.51391909573237,6.480432263300248e-05,0.9520007912171456,0.0479344044602216
2025-08-20 00:00:00+00:00,0.8757603841014668,13730.283815425008,692.3192567249077,14423.478832534018,14.423478832534018,6.071769468861259e-05,0.951939818045462,0.0479994642598491
2025-08-21 00:00:00+00:00,0.8757603389189336,13836.064741888373,695.6944422126411,14532.634944439931,14.532634944439932,6.026163474600952e-05,0.9520685543114078,0.0478711840538462
2025-08-22 00:00:00+00:00,0.8757603648129335,13832.917048139328,695.3403897260972,14529.13319823024,14.52913319823024,6.027616051586669e-05,0.952081370540693,0.047858353298791
2025-08-23 00:00:00+00:00,0.8757603329126669,14646.517586248794,696.3275691305078,15343.720915712214,15.343720915712217,5.707613803219494e-05,0.954561000340571,0.0453819235213967
2025-08-24 00:00:00+00:00,0.8757604035041335,12750.520201697396,696.9402718937077,13448.336233994609,13.448336233994606,6.512035305084005e-05,0.948111348485378,0.0518235311615712
2025-08-25 00:00:00+00:00,0.8757603790510669,13850.522678224086,694.2479483809077,14545.646386984045,14.545646386984044,6.020773197365282e-05,0.9522108753185434,0.0477289169494829
2025-08-26 00:00:00+00:00,0.8757603785802669,13980.902710534992,701.3013958147477,14683.07986672832,14.68307986672832,5.964418817640087e-05,0.9521778017577598,0.0477625540540638
2025-08-27 00:00:00+00:00,0.8757604047881336,13600.553512201865,696.3770908556278,14297.80636346228,14.29780636346228,6.125138238171413e-05,0.951233578526967,0.0487051700906513
2025-08-28 00:00:00+00:00,0.8757603896654669,12843.391425722772,696.7739666800544,13541.041152792492,13.541041152792491,6.467452389987486e-05,0.9484788710707192,0.0514564544053809
2025-08-29 00:00:00+00:00,0.8757603762833336,13623.88504339088,696.380086331361,14321.140890098524,14.321140890098524,6.115157884444977e-05,0.9513128282126098,0.0486260202085457
2025-08-30 00:00:00+00:00,0.8757604152741335,13650.70060377385,669.4813555295477,14321.057719718672,14.321057719718672,6.115193670843869e-05,0.9531908097108074,0.0467480383524841
2025-08-31 00:00:00+00:00,0.8757604078126668,13192.974521739068,648.4585552015477,13842.308837348428,13.842308837348428,6.326693170215553e-05,0.9530906062536788,0.0468461268146191
2025-09-01 00:00:00+00:00,0.8757603902361335,13984.994401918686,758.4036604207787,14744.2738227297,14.7442738227297,5.939664447129743e-05,0.948503437338466,0.0514371660170626
2025-09-02 00:00:00+00:00,0.8757604334641336,14290.709273547032,753.6583449449388,15045.243378925436,15.045243378925436,5.820845907290882e-05,0.949848993042192,0.050092798498735
2025-09-03 00:00:00+00:00,0.8757604481017336,14358.919746838035,772.2519116860587,15132.047418972195,15.132047418972196,5.7874550869020296e-05,0.9489079269494732,0.0510341984996576
2025-09-04 00:00:00+00:00,0.8757604381150669,14597.668655154566,801.7957810146988,15400.34019660738,15.40034019660738,5.686630470072295e-05,0.9478796227092672,0.052063510986032
2025-09-05 00:00:00+00:00,0.8757603793221336,14461.582368783582,801.9329101791786,15264.391039342085,15.264391039342083,5.737276888838666e-05,0.9474064397007806,0.0525361875303309
2025-09-06 00:00:00+00:00,0.8757603844866669,14557.913234771537,802.0846268842454,15360.873622040268,15.360873622040268,5.701240736920706e-05,0.9477269062277408,0.0522160813648898
2025-09-07 00:00:00+00:00,0.8757604533661335,12737.188473736796,800.301304284062,13538.365538474223,13.538365538474224,6.46873103608659e-05,0.9408217289996648,0.0591135836899744
2025-09-08 00:00:00+00:00,0.8757604456193335,12665.677986655372,802.3384605551787,13468.892207656168,13.468892207656168,6.502097070177175e-05,0.9403652350455204,0.0595697439837778
2025-09-09 00:00:00+00:00,0.8757604202532002,13188.604092677886,801.3172889863254,13990.797142084464,13.990797142084464,6.259546267159458e-05,0.942662806038866,0.0572745984984625
2025-09-10 00:00:00+00:00,0.8757604013498669,13397.046961729931,811.6602913010987,14209.58301343238,14.20958301343238,6.163167494232637e-05,0.9428177413134252,0.0571206270116324
2025-09-11 00:00:00+00:00,0.8757603776244002,13534.661903761253,851.1737703874987,14386.711434526376,14.386711434526376,6.087286741031593e-05,0.9407752400788196,0.0591638870537699
2025-09-12 00:00:00+00:00,0.8757603655548002,18211.57871022865,793.2498473993867,19005.70431799359,19.00570431799359,4.607881670166135e-05,0.958216459938656,0.0417374612446422
2025-09-13 00:00:00+00:00,0.8757603992954669,17718.584424384047,2128.0656994920946,19847.52588427544,19.84752588427544,4.412441149600938e-05,0.8927351715118265,0.1072207040766775
2025-09-14 00:00:00+00:00,0.8757603831598668,13482.402963360966,2417.903887896,15901.182611640126,15.901182611640126,5.507517299491831e-05,0.8478868077077145,0.1520581171192905
2025-09-15 00:00:00+00:00,0.8757604189406669,13383.59817875387,2417.903887896,15802.37782706881,15.802377827068812,5.541953423240685e-05,0.8469357159546158,0.1530088645111517
2025-09-16 00:00:00+00:00,0.8757603861701335,12806.532056856311,2405.67593892371,15213.083756166192,15.213083756166192,5.7566263369526834e-05,0.8418103957171436,0.1581320380194868
2025-09-17 00:00:00+00:00,0.8757604102926487,13338.492645911325,2380.677332175288,15720.045738496903,15.720045738496903,5.570978767243624e-05,0.8485021524617208,0.1514421377506068
2025-09-18 00:00:00+00:00,0.8757603944876002,14082.96664533766,2391.936815748091,16475.779221480236,16.475779221480234,5.31544142899069e-05,0.8547678659700079,0.1451789796157023
2025-09-19 00:00:00+00:00,0.8757604002941335,13600.768563360922,2403.601647678827,16005.245971440045,16.005245971440043,5.471708475189017e-05,0.8497694185787772,0.1501758643364708
2025-09-20 00:00:00+00:00,0.8757604941545335,12505.177745672288,2403.053132918187,14909.10663908463,14.90910663908463,5.8739971170284845e-05,0.8387610370221394,0.1611802230066902
2025-09-21 00:00:00+00:00,0.8757603948014668,12052.653906043528,2402.37040629984,14455.90007273817,14.45590007273817,6.058151968365013e-05,0.8337532665138692,0.1661861519664471
2025-09-22 00:00:00+00:00,0.8757604317664002,13399.09369411894,2402.4258414528003,15802.395296003506,15.802395296003503,5.541947377989486e-05,0.8479153598636802,0.1520292206625399
2025-09-23 00:00:00+00:00,0.8757604130913336,10965.186471894702,2173.581423568483,13139.643655876276,13.139643655876275,6.665024075441182e-05,0.8345117081611936,0.1654216415980519
2025-09-24 00:00:00+00:00,0.8757604486438668,10044.367716929744,2402.851815983467,12448.095293361856,12.448095293361856,7.035296790432508e-05,0.8068999698520997,0.193029677179996
2025-09-25 00:00:00+00:00,0.8757604451628003,12603.103349833478,2402.580475787307,15006.559586065949,15.006559586065949,5.83585091666161e-05,0.8398396233028553,0.1601020181879781
2025-09-26 00:00:00+00:00,0.8757604335069336,13315.302832825972,1698.72211261345,15014.90070587293,15.014900705872927,5.832608890742705e-05,0.8868059199098015,0.1131357540012909
2025-09-27 00:00:00+00:00,0.8757603933748002,15773.396377303618,1418.4975542722782,17192.76969196927,17.19276969196927,5.093771446167089e-05,0.9174435916902532,0.082505470595285
2025-09-28 00:00:00+00:00,0.8757604094248003,16319.035697161627,1893.6398748441643,18213.551332415216,18.213551332415214,4.808290230945695e-05,0.8959831830335108,0.1039687340641797
2025-09-29 00:00:00+00:00,0.8757604036753336,13264.30412639521,2402.93642741792,15668.116314216804,15.668116314216803,5.589442828431733e-05,0.846579375617703,0.1533647299540126
2025-09-30 00:00:00+00:00,0.8757603765258669,13895.283348596902,2402.312054124053,16298.471163097482,16.29847116309748,5.373267024631965e-05,0.8525513350024015,0.1473949323273521
2025-10-01 00:00:00+00:00,0.8757603927185336,10860.383254444094,2483.6151592144624,13344.874174051274,13.344874174051274,6.56252266822736e-05,0.8138243278128315,0.1861100469604862
2025-10-02 00:00:00+00:00,0.8757603986392002,10885.674734724096,2483.749370142889,13370.299865265624,13.370299865265624,6.550043061594428e-05,0.8141683316320919,0.1857661679372921
2025-10-03 00:00:00+00:00,0.8757603850858668,10836.75240702222,2483.6881000537155,13321.316267461025,13.321316267461023,6.574128017852267e-05,0.8134896123960619,0.1864446463237595
2025-10-04 00:00:00+00:00,0.8757603882388002,10843.114177112946,2483.874828660542,13327.864766161729,13.327864766161728,6.570897916538579e-05,0.813567241816758,0.1863670492040766
2025-10-05 00:00:00+00:00,0.8757604292554669,10811.934397273384,2466.771616947923,13279.581774650562,13.279581774650564,6.594789234456231e-05,0.814177327324594,0.1857567247830614
2025-10-06 00:00:00+00:00,0.8757603687505335,11135.101881530518,1370.6627277514804,12506.640369650748,12.506640369650748,7.002363087657805e-05,0.8903351781467648,0.1095947982223587
2025-10-07 00:00:00+00:00,0.8757604076842669,12016.60429018034,883.3585552156139,12900.838605803638,12.900838605803637,6.788399068028747e-05,0.9314591599320132,0.0684729560773066
2025-10-08 00:00:00+00:00,0.8757603998946669,12859.41205790184,883.2972849586539,13743.585103260388,13.743585103260388,6.372139389502601e-05,0.9356664917694004,0.0642697868367046
2025-10-09 00:00:00+00:00,0.8757604320802669,11250.505365290304,884.3822245069346,12135.76335022932,12.13576335022932,7.21636049423886e-05,0.927053786449924,0.0728740499451337
2025-10-10 00:00:00+00:00,0.8757604441070669,13401.335445987608,883.010157776574,14285.22136420829,14.28522136420829,6.130534639815174e-05,0.9381258507876354,0.0618128438659663
2025-10-11 00:00:00+00:00,0.8757604332358668,12976.211040873832,881.9788980528407,13859.065699359908,13.859065699359908,6.319043810264314e-05,0.9362976785277198,0.0636391310341775
2025-10-12 00:00:00+00:00,0.8757604264734669,12666.336329908045,884.0179404241474,13551.230030758668,13.551230030758669,6.462589923465695e-05,0.934700119557997,0.0652352545427683
2025-10-13 00:00:00+00:00,0.8757603656118669,12626.783498229444,880.8037855229206,13508.463044117978,13.508463044117978,6.483049646371141e-05,0.9347313204315686,0.0652038490719676
2025-10-14 00:00:00+00:00,0.8757603879106669,13466.296093765211,882.9712040800407,14350.143058233163,14.350143058233163,6.1027990059528607e-05,0.9384084910595468,0.0615304809503937
2025-10-15 00:00:00+00:00,0.8757604127061336,11440.583168406803,882.0961447781207,12323.55507359763,12.32355507359763,7.106394278891082e-05,0.9283508776552204,0.0715780584019907
2025-10-16 00:00:00+00:00,0.8757604039321335,12898.207702102029,591.3305376637963,13490.414000169758,13.490414000169755,6.491723707820333e-05,0.9561016957626152,0.0438333870003066
2025-10-17 00:00:00+00:00,0.8757603938313335,13577.207075495366,450.4388512977686,14028.521687186969,14.028521687186966,6.24271333330307e-05,0.96782878326347,0.0321087896031967
2025-10-18 00:00:00+00:00,0.8696787176202668,12818.88867189872,449.867308802142,13269.625659418482,13.269625659418482,6.553905437437781e-05,0.9660324263028596,0.033902034642766
2025-10-19 00:00:00+00:00,0.8757604430798669,13069.829210467884,455.6676277686097,13526.372598679573,13.526372598679572,6.47446635593461e-05,0.9662479068293404,0.0336873485071002
2025-10-20 00:00:00+00:00,0.8757605160538668,13079.601964681697,450.3250630139286,13530.802788211678,13.53080278821168,6.472347057019026e-05,0.9666538023950008,0.0332814741344291
2025-10-21 00:00:00+00:00,0.3849702349688543,6005.84219777971,424.5314112307111,6430.75857924539,6.43075857924539,5.986389167388526e-05,0.9339243766921907,0.0660157594161352
2025-10-22 00:00:00+00:00,0.237185788015412,2882.74463121661,408.8381439417876,3291.8199609464127,3.291819960946413,7.205308638666255e-05,0.875729737779404,0.1241982091342094
2025-10-23 00:00:00+00:00,0.6931606578363044,9622.08706714716,413.58554003014456,10036.36576783514,10.03636576783514,6.906490595009674e-05,0.9587222396760714,0.0412086954179785
2025-10-24 00:00:00+00:00,0.8755288371964519,12933.577989559037,402.11453921742327,13336.568057613656,13.336568057613656,6.564873612268075e-05,0.9697830756523184,0.0301512756115589
2025-10-25 00:00:00+00:00,0.8755206552679999,13609.087245105622,413.1592242370753,14023.121989997966,14.023121989997966,6.24340753715519e-05,0.9704748525194564,0.0294627134051719
2025-10-26 00:00:00+00:00,0.8755206183173333,12764.095447449325,428.2655056878526,13193.236473755494,13.193236473755494,6.636132233807477e-05,0.9674726495534408,0.0324609891242209
2025-10-27 00:00:00+00:00,0.8755206435693333,12864.971666844838,749.886876167128,13615.734063655536,13.615734063655534,6.430212572279594e-05,0.9448606741802702,0.055075023694007
2025-10-28 00:00:00+00:00,0.7296005990852852,10431.98383869808,801.3359814386747,11234.04942073584,11.23404942073584,6.494546817095057e-05,0.9286040543352688,0.0713310001965601
2025-10-29 00:00:00+00:00,0.8755205554013333,12165.434317942563,871.7493327919019,13038.059171289866,13.038059171289866,6.715114143132987e-05,0.933070954665642,0.0668618941929268
2025-10-30 00:00:00+00:00,0.8755205541173333,13352.99805067616,883.6415640769686,14237.515135307243,14.237515135307245,6.149391560231971e-05,0.9378741953055,0.0620643107788977
2025-10-31 00:00:00+00:00,0.8755205549733333,12237.335230837096,883.4344164652352,13121.645167857305,13.121645167857304,6.672338291222831e-05,0.9326067786693084,0.0673264979477794
2025-11-01 00:00:00+00:00,0.8755205676706667,12848.894055679308,787.3505638814934,13637.12014012847,13.63712014012847,6.420127993845031e-05,0.9421999603765508,0.0577358383435108
2025-11-02 00:00:00+00:00,0.8755206255933333,12827.60535088346,635.9135464087824,13464.394417917836,13.464394417917836,6.50248795763312e-05,0.9527057031107938,0.0472292720096297
2025-11-03 00:00:00+00:00,0.8755207597,13134.467828259005,703.3645546111292,13838.707903629836,13.838707903629835,6.3266076991939e-05,0.9491108505017212,0.0508258834212867
2025-11-04 00:00:00+00:00,0.8766784249426667,11978.495101641223,398.5922569331556,12377.96403699932,12.37796403699932,7.082573695659177e-05,0.9677274118615926,0.0322017624014508
2025-11-05 00:00:00+00:00,0.8755207587013333,15194.560093988164,430.8847598503111,15626.320374597177,15.626320374597176,5.602859391802933e-05,0.972369676913133,0.0275742944929489
2025-11-06 00:00:00+00:00,0.8755276065586666,12603.184744267815,428.49534786210495,13032.55561973648,13.03255561973648,6.718003990197971e-05,0.9670539771325876,0.0328788428275105
2025-11-07 00:00:00+00:00,0.8755209134946667,11832.28361721758,695.4953766374691,12528.654514768545,12.528654514768544,6.988147948868883e-05,0.9444177428046968,0.0555123757158146
2025-11-08 00:00:00+00:00,0.8755205381386666,12312.970122199034,539.3621122858569,12853.20775502303,12.85320775502303,6.811688994885447e-05,0.9579686531859822,0.0419632299240689
2025-11-09 00:00:00+00:00,0.875520610328,12330.953731649128,364.7066735471556,12696.535925806613,12.696535925806613,6.895743968624088e-05,0.9712061465982692,0.0287248959620445
2025-11-10 00:00:00+00:00,0.8755206594053333,12275.571699668595,337.5564441290667,12614.003664457066,12.614003664457066,6.940862573810086e-05,0.9731701390144604,0.0267604523598016
2025-11-11 00:00:00+00:00,0.8755207735386666,12048.009793323055,337.9795010432,12386.864815139796,12.386864815139797,7.068138601694958e-05,0.9726440042033416,0.0272853144106413
2025-11-12 00:00:00+00:00,0.8755207869493333,10816.387505626726,330.7531729552,11148.016199368874,11.148016199368874,7.853601674878257e-05,0.9702522235515838,0.0296692404316675
2025-11-13 00:00:00+00:00,0.875770203236,12614.112013532484,338.46966488000004,12953.45744861572,12.95345744861572,6.76089921713982e-05,0.973802713566678,0.0261296774411507
2025-11-14 00:00:00+00:00,0.8755255463093333,12134.023347226132,2266.1092742038663,14401.008146976306,14.401008146976306,6.07961288108265e-05,0.8425815209176061,0.1573576829535832
2025-11-15 00:00:00+00:00,0.875520706628,12396.014736751957,2590.0732005077334,14986.963457966318,14.986963457966318,5.8418819067889104e-05,0.8271198346161882,0.1728217465647439
2025-11-16 00:00:00+00:00,0.87552074258,12124.52157988679,2589.5509412757333,14714.948041905103,14.714948041905105,5.949873149988023e-05,0.8239595237005718,0.1759809775679283
2025-11-17 00:00:00+00:00,0.875520698496,13062.407943405047,2589.2095765920003,15652.493040695545,15.652493040695544,5.593490418553126e-05,0.8345257148138364,0.1654183502819781
2025-11-18 00:00:00+00:00,0.875521059728,12657.586914273905,2590.4379052202667,15248.9003405539,15.2489003405539,5.741535718477898e-05,0.8300655543410896,0.1698770303017254
2025-11-19 00:00:00+00:00,0.875521346488,12678.92789811237,2601.5668762544,15281.37029571326,15.28137029571326,5.7293379425116206e-05,0.8296983616494832,0.1702443449710916
2025-11-20 00:00:00+00:00,0.875521431232,11195.419373633593,2275.451592464178,13471.746487529002,13.471746487529002,6.498945270700301e-05,0.8310295464658097,0.1689054640814832
2025-11-21 00:00:00+00:00,0.8755213175266666,13203.94564453158,2256.5249376945776,15461.346103543685,15.461346103543685,5.662646134840746e-05,0.8539971588570341,0.1459462146816175
2025-11-22 00:00:00+00:00,0.8755212387746667,13118.7421497739,2606.7317189984,15726.349390011075,15.726349390011077,5.567224897920509e-05,0.8341886488994418,0.1657556788515789
2025-11-23 00:00:00+00:00,0.8755211399066667,13341.663659282154,2606.4837176565334,15949.022898078594,15.949022898078594,5.489497040048404e-05,0.836519186444296,0.1634259185853034
2025-11-24 00:00:00+00:00,0.8755210048013333,13333.084579766868,2605.897269570133,15939.857370341804,15.939857370341803,5.492652691048259e-05,0.8364619751601304,0.1634830983129589
2025-11-25 00:00:00+00:00,0.8755209520146666,13297.89953461146,2606.9067679882664,15905.681823551742,15.905681823551742,5.5044540795369854e-05,0.8360471234198269,0.1638978320393777
2025-11-26 00:00:00+00:00,0.875521043464,11559.58449665534,2606.9884631872,14167.448480886003,14.167448480886003,6.179807497766505e-05,0.8159256419566967,0.1840125599683256
2025-11-27 00:00:00+00:00,0.8755210232053333,13695.608550682204,3281.731464212697,16978.215535918105,16.978215535918107,5.156731703359125e-05,0.8066577151001875,0.193290717582779
2025-11-28 00:00:00+00:00,0.10944015408,1460.3983516260002,780.58537055528,2241.09316233536,2.24109316233536,4.883338003046535e-05,0.6516455344962873,0.3483056321236824
2025-11-29 00:00:00+00:00,0.0,0.0,292.05621,292.05621,0.29205621,0.0,0.0,1.0
2025-11-30 00:00:00+00:00,0.7660899684617127,10764.46121006031,3717.2612221638688,14482.48852219264,14.48248852219264,5.2897674822098e-05,0.7432742786963091,0.2566728236288688
2025-12-01 00:00:00+00:00,0.8755206716746666,12664.45931001899,4252.585257537086,16917.92008822775,16.917920088227753,5.175108211345042e-05,0.7485825233819073,0.2513657255359792
2025-12-02 00:00:00+00:00,0.8761223041413333,12166.585898499718,4253.014148264553,16420.476169068414,16.420476169068415,5.33554749034442e-05,0.7409398956053518,0.2590067489197447
2025-12-03 00:00:00+00:00,0.8755208147693333,11415.64333477588,3717.0501106852817,15133.568966275929,15.133568966275927,5.785289753661999e-05,0.7543259200929285,0.2456162270095349
2025-12-04 00:00:00+00:00,0.8755208694106666,16299.446169003191,3565.299243561363,19865.62093343397,19.865620933433966,4.407216227191567e-05,0.8204851096081834,0.1794708182295445
2025-12-05 00:00:00+00:00,0.875520840592,17699.378125214316,3721.5199736108657,21421.77361966577,21.42177361966577,4.087060465377376e-05,0.8262330859927397,0.1737260434026064
2025-12-06 00:00:00+00:00,0.8755286013733333,17347.963823510276,3810.940675791879,21159.78002790353,21.15978002790353,4.137701810788054e-05,0.8198555845397926,0.1801030384420995
2025-12-07 00:00:00+00:00,0.8755208317466666,17041.799604585496,3905.4206206186727,20948.095746035917,20.948095746035914,4.179476943207808e-05,0.8135250006106345,0.1864332046199335
2025-12-08 00:00:00+00:00,0.8755207422946666,17953.361327377315,3923.160046474608,21877.396894594214,21.877396894594217,4.00194203411377e-05,0.8206351703485112,0.1793248102311476
2025-12-09 00:00:00+00:00,0.8755207458613333,18228.68840460957,3843.183831034363,22072.747756389792,22.07274775638979,3.966523586117097e-05,0.8258459076230138,0.1741144271411251
2025-12-10 00:00:00+00:00,0.8755215216826666,18620.94963220041,3827.801878858819,22449.627032580916,22.449627032580917,3.899937938443393e-05,0.829454743509815,0.1705062571108005
2025-12-11 00:00:00+00:00,0.875520757988,17751.381834575026,3769.571055107827,21521.82841044084,21.52182841044084,4.068059373446451e-05,0.8248082595976527,0.1751510598086128
2025-12-12 00:00:00+00:00,0.8755303155133333,16911.53069179475,3679.710564045413,20592.116786155675,20.592116786155675,4.251774232855763e-05,0.8212623727524978,0.1786951095051736
2025-12-13 00:00:00+00:00,0.8755265251453334,11069.626022842984,2551.779130423173,13622.280679791302,13.622280679791302,6.427165507198657e-05,0.8126117999656849,0.1873239283792431
2025-12-14 00:00:00+00:00,0.8755212393453333,11890.681592745706,2433.334721247505,14324.891835232558,14.324891835232558,6.111887261807863e-05,0.8300713003291356,0.1698675807982463
2025-12-15 00:00:00+00:00,0.8755210598706666,16620.558623110228,3752.164240505224,20373.59838467532,20.37359838467532,4.297331494122407e-05,0.815789057450545,0.1841679692345137
2025-12-16 00:00:00+00:00,0.87552094802,18360.6807160108,3217.950794671749,21579.507031630565,21.57950703163057,4.057186972513732e-05,0.8508387466450594,0.1491206814852154
2025-12-17 00:00:00+00:00,0.8755209220546667,18897.278872934763,2784.863746061638,21683.01813991845,21.683018139918456,4.037818519566849e-05,0.8715243768645314,0.1284352449502729
2025-12-18 00:00:00+00:00,0.8755591182013334,17047.058775753747,3768.284189794093,20816.21852466604,20.81621852466604,4.206139156176927e-05,0.8189315823887008,0.1810263562197374
2025-12-19 00:00:00+00:00,0.8755362701346666,16762.2075887765,3847.742235783314,20610.825360829946,20.610825360829946,4.247943761624357e-05,0.8132720206650437,0.1866854998973401
2025-12-20 00:00:00+00:00,0.8755208049253334,16794.809703063598,3690.5828643021455,20486.26808817067,20.486268088170668,4.2736959272288494e-05,0.8198081578733893,0.1801491051673383
2025-12-21 00:00:00+00:00,0.8755207063426667,17018.745849856397,3661.8261984554656,20681.447569018208,20.681447569018207,4.233362792526372e-05,0.8228991608571582,0.1770585055149164
2025-12-22 00:00:00+00:00,0.8755208134853333,16938.595463552483,2629.081724363248,19568.552708729218,19.568552708729214,4.4741214463692936e-05,0.8656028739415382,0.134352384843998
2025-12-23 00:00:00+00:00,0.875520784524,17356.620618747875,2654.665703031239,20012.16184256364,20.01216184256364,4.374943553883643e-05,0.8673036304269875,0.1326526201374736
2025-12-24 00:00:00+00:00,0.875520705344,20829.59916045981,2651.706020848447,23482.1807020136,23.4821807020136,3.728447184928289e-05,0.8870385346567777,0.1129241808713729
2025-12-25 00:00:00+00:00,0.87552165422,16701.548641303616,2650.5172474741807,19352.941410432017,19.352941410432017,4.523972018786036e-05,0.8629979436769651,0.136956816602847
2025-12-26 00:00:00+00:00,0.875521435512,16451.24314364138,2606.349035161847,19058.467700238736,19.058467700238737,4.593871077584232e-05,0.8631986265839883,0.1367554347052359
2025-12-27 00:00:00+00:00,0.87552142524,16872.348839873142,2635.6975190785806,19508.921880376965,19.508921880376967,4.487800149123784e-05,0.8648529602675883,0.1351021617309204
2025-12-28 00:00:00+00:00,0.87552137174,17454.86667623652,2652.357211644981,20108.09940925324,20.10809940925324,4.35407322154528e-05,0.8680515408733374,0.1319049183944472
2025-12-29 00:00:00+00:00,0.8755211742893333,17663.307667308345,2652.5562315961806,20316.73942007881,20.31673942007881,4.309358682939376e-05,0.8693967718979497,0.1305601345152209
2025-12-30 00:00:00+00:00,0.8755209461653333,17373.29937213002,3012.907858534043,20387.08275161023,20.38708275161023,4.294488607479568e-05,0.8521719161000525,0.1477851390138726
2025-12-31 00:00:00+00:00,0.8755266568266666,14217.250055261618,3114.807747218375,17332.93332913682,17.33293332913682,5.051231895958997e-05,0.8202448936535336,0.1797045940275068
2026-01-01 00:00:00+00:00,0.8755223303173333,14976.87053413655,2732.109701272326,17709.855757739195,17.709855757739195,4.943701079748945e-05,0.8456799840163389,0.1542705789728635
2026-01-02 00:00:00+00:00,0.8755212727293333,17944.522865931,2733.104768165126,20678.503155368857,20.67850315536886,4.233968320390819e-05,0.8677863543170425,0.1321713059997535
2026-01-03 00:00:00+00:00,0.8755214387933333,16374.2135961096,2733.1893825939264,19108.27850014232,19.10827850014232,4.581895950421764e-05,0.8569172568835881,0.1430369241569077
2026-01-04 00:00:00+00:00,0.8755212935586667,17524.90631155797,2732.8801140797937,20258.661946931323,20.258661946931323,4.321713328610462e-05,0.8650574434513703,0.1348993394153435
2026-01-05 00:00:00+00:00,0.8755212727293333,17234.403533050572,2733.157288489393,19968.436342812696,19.968436342812694,4.384525947343206e-05,0.8630822783103799,0.1368738764301466
2026-01-06 00:00:00+00:00,0.8755214373666667,17006.01704073474,2175.5453558775266,19182.437918049636,19.182437918049636,4.564182306269051e-05,0.8865409659286843,0.1134133922482531
2026-01-07 00:00:00+00:00,0.8755215179733333,16397.694256956896,2731.081980151793,19129.651758626664,19.129651758626665,4.576777084185603e-05,0.8571872851560003,0.1427669470731578
2026-01-08 00:00:00+00:00,0.875521319524,17711.176295895955,2616.4895322905936,20328.541349506075,20.328541349506075,4.306857557909696e-05,0.8712467850688306,0.1287101463555902
2026-01-09 00:00:00+00:00,0.875521391428,17388.41690344602,1033.207282613097,18422.499707450545,18.422499707450545,4.75245707874223e-05,0.94386848579586,0.0560839896333525
2026-01-10 00:00:00+00:00,0.875521274584,16717.18713454967,454.4700739357935,17172.53272976005,17.17253272976005,5.0983817492845366e-05,0.9734840746920654,0.0264649414904416
2026-01-11 00:00:00+00:00,0.8755212785786667,17334.57245092507,481.97389428886015,17817.42186649251,17.81742186649251,4.913849406154401e-05,0.9729001524920118,0.0270507090139265
2026-01-12 00:00:00+00:00,0.8755210591573334,14213.916686798137,480.9992294723268,14695.79143732962,14.69579143732962,5.957631223136252e-05,0.9672100170592074,0.0327304066285612
2026-01-13 00:00:00+00:00,0.8755208855319999,13231.494560627676,481.5041577043268,13713.874239217535,13.713874239217535,6.384198004589212e-05,0.9648254264130264,0.0351107316069277
2026-01-14 00:00:00+00:00,0.8755209945293333,16153.577889289683,476.1128256724601,16630.566235956674,16.630566235956675,5.264529073197663e-05,0.9713185744911256,0.0286287802181422
2026-01-15 00:00:00+00:00,0.8755323664893333,12971.60764096484,456.54731323446015,13429.030486565787,13.42903048656579,6.519699001094706e-05,0.9659377610276074,0.0339970419823816
2026-01-16 00:00:00+00:00,0.8755208578546667,12704.881389760836,439.23821802886016,13144.995128647552,13.144995128647553,6.660488264058767e-05,0.9665185316099848,0.0334148635073744
2026-01-17 00:00:00+00:00,0.8755208481533333,13136.943611975956,449.5307390747268,13587.349871898836,13.587349871898835,6.443646895146736e-05,0.9668510589504724,0.033084504580576
2026-01-18 00:00:00+00:00,0.8755265837813333,12723.635330210753,458.6311906971935,13183.142047491729,13.183142047491726,6.641258818476542e-05,0.9651443703158458,0.0347892170959695
2026-01-19 00:00:00+00:00,0.8755375464306666,13075.134465194042,460.0237478219268,13536.033750562396,13.536033750562398,6.46819860651049e-05,0.9659501967960736,0.0339851212178614
2026-01-20 00:00:00+00:00,0.8755260931506667,12780.310841909852,466.02733917686015,13247.213707179862,13.247213707179862,6.609133909239646e-05,0.9647546362887652,0.0351792723721425
2026-01-21 00:00:00+00:00,0.8757853045026667,16387.094503127028,583.0535080530601,16971.02379648459,16.97102379648459,5.160474200054321e-05,0.9655925711754336,0.0343558240825656
2026-01-22 00:00:00+00:00,0.8755216329626666,12359.12275856759,477.9895962272601,12837.987876427813,12.837987876427812,6.819773015756124e-05,0.9626993636020268,0.0372324386678157
2026-01-23 00:00:00+00:00,0.8755218754959999,12411.9572818409,447.72501881446016,12860.557822530856,12.860557822530856,6.807806376502136e-05,0.9651181117584154,0.0348138101778194
2026-01-24 00:00:00+00:00,0.8755636631333333,12673.078235775289,461.1272920360601,13135.081091474483,13.135081091474484,6.665841322453888e-05,0.9648267983667748,0.0351065432200004
2026-01-25 00:00:00+00:00,0.8755236749506666,13582.527436478398,460.5405953923268,14043.943555545677,14.043943555545678,6.234172556218652e-05,0.9671448324153172,0.0327928258591204
2026-01-26 00:00:00+00:00,0.875536081244,16819.067631966303,457.88105825526014,17277.824226302808,17.27782422630281,5.067397779814961e-05,0.9734482427690104,0.0265010832531915
2026-01-27 00:00:00+00:00,0.8755209948146666,17513.907762838215,465.3134235331268,17980.096707366156,17.980096707366155,4.869389798420716e-05,0.974071944544272,0.0258793615577437
2026-01-28 00:00:00+00:00,0.875520942884,15344.010065056467,464.5379680163268,15809.423554015675,15.809423554015677,5.537968793692121e-05,0.970561008289199,0.0293836120228641
2026-01-29 00:00:00+00:00,0.8759810620013333,17171.288091875744,574.3296902195589,17746.493763157305,17.746493763157304,4.936079620527172e-05,0.9675876441308244,0.0323629950729703
2026-01-30 00:00:00+00:00,0.877712338408,11716.838678817776,444.3895262525935,12162.105917408777,12.162105917408775,7.216779268067769e-05,0.96338896885007,0.0365388633572493
2026-01-31 00:00:00+00:00,0.8755230295266666,11034.114135443768,433.3842272563268,11468.37388572962,11.46837388572962,7.634238630954484e-05,0.9621341478214088,0.0377895097922816
2026-02-01 00:00:00+00:00,0.875521420104,13318.845487885055,225.6972405711921,13545.418249876351,13.54541824987635,6.463598273253705e-05,0.9832731069789326,0.0166622570383348
2026-02-02 00:00:00+00:00,0.8755214554853333,16145.206522790531,225.9841768223921,16372.06622106841,16.37206622106841,5.3476540081340965e-05,0.9861434900632186,0.0138030333967
2026-02-03 00:00:00+00:00,0.8755212135226667,13987.112237174568,272.3807970537921,14260.368555441884,14.260368555441882,6.139541275660509e-05,0.9808380605869378,0.0191005440003056
2026-02-04 00:00:00+00:00,0.8755210281986666,13598.522056140417,263.29822643559214,13862.695803604209,13.862695803604208,6.315662123748233e-05,0.9809435515857524,0.0189932917930101
2026-02-05 00:00:00+00:00,0.875521056732,12399.789999576924,266.95476798452546,12667.620288618182,12.66762028861818,6.911488004725347e-05,0.9788570952602752,0.0210737898596773
2026-02-06 00:00:00+00:00,0.8755208129146667,11966.58226503197,262.75431941332545,12230.21210525821,12.23021210525821,7.158672354817532e-05,0.9784443770919644,0.0214840361844875
2026-02-07 00:00:00+00:00,0.8755209110693333,12651.623110892107,257.8896697970588,12910.388301600236,12.910388301600236,6.781522682480533e-05,0.9799568235545592,0.0199753612186159
2026-02-08 00:00:00+00:00,0.8755212237946667,11625.642903528804,254.45372166532545,11880.972146417924,11.880972146417925,7.369104253464929e-05,0.9785093980742896,0.0214169108831757
2026-02-09 00:00:00+00:00,0.8755211797106667,11125.593408907192,269.0925719010588,11395.561501987962,11.395561501987965,7.683001663041628e-05,0.9763093645685056,0.0236138054148639
2026-02-10 00:00:00+00:00,0.8755209824026666,10410.978178919424,268.0576868013255,10679.911386703152,10.679911386703152,8.197830025937477e-05,0.9748187791034896,0.0250992425962509
2026-02-11 00:00:00+00:00,0.87552082176,12833.058540164186,1075.5524584360562,13909.486519422002,13.909486519422002,6.294415114012286e-05,0.9226119542403822,0.0773251016084776
2026-02-12 00:00:00+00:00,0.8755209035079999,10101.21342798135,253.71820107972545,10355.807149964585,10.355807149964583,8.454395594948811e-05,0.9754153666347384,0.024500089409312
2026-02-13 00:00:00+00:00,0.8755271831239999,8937.377899086905,257.15865794932546,9195.412084219352,9.195412084219353,9.521347984246733e-05,0.9719388122284076,0.0279659742917499
2026-02-14 00:00:00+00:00,0.8755462306933333,8417.615517272368,257.07112622665875,8675.56218972972,8.675562189729721,0.0001009209791303,0.9702674401017246,0.029631638919145
2026-02-15 00:00:00+00:00,0.8757066082853333,7200.093100098509,237.5635849778588,7438.532391684654,7.438532391684654,0.0001177257235935,0.9679453850530126,0.0319368892233937
2026-02-16 00:00:00+00:00,0.8755280008893332,8018.437946034433,224.96783114612543,8244.281305181446,8.244281305181447,0.0001061982201333,0.9726060585772256,0.027287743202641
2026-02-17 00:00:00+00:00,0.8755208886706667,6343.495847180883,225.3792190138588,6569.750587083412,6.569750587083412,0.0001332654683104,0.96556113707766,0.0343055974540296
2026-02-18 00:00:00+00:00,0.8755209697053333,6741.19301298636,225.3354580570588,6967.4039920131245,6.967403992013124,0.000125659567137,0.9675329607288348,0.0323413797040282
2026-02-19 00:00:00+00:00,0.8755209952426667,6720.490430215246,225.3792194010588,6946.745170611547,6.946745170611547,0.0001260332679175,0.9674301079369544,0.032443858795128
2026-02-20 00:00:00+00:00,0.875520962144,6845.139861434867,225.4083945338588,7071.42377693087,7.07142377693087,0.0001238111290968,0.9680002326781476,0.0318759561927556
2026-02-21 00:00:00+00:00,0.8755297214493333,7257.309171457097,225.2887706426588,7483.473471821206,7.483473471821206,0.0001169950992338,0.9697781650171244,0.0301048398836418
2026-02-22 00:00:00+00:00,0.8756741854306667,8145.841172397919,225.47258080692544,8372.189427390274,8.372189427390275,0.0001045932122087,0.972964269746234,0.0269311370415573
2026-02-23 00:00:00+00:00,0.8755537741933332,8953.623422543624,225.4638311194588,9179.962807437276,9.179962807437276,9.537661454183572e-05,0.975344193692127,0.0245604296933312
2026-02-24 00:00:00+00:00,0.8755267070453333,10045.357125932876,225.1837383834588,10271.41639102338,10.27141639102338,8.52391407099894e-05,0.9779914223623466,0.0219233384969434
2026-02-25 00:00:00+00:00,0.8755290464933333,10195.298032072164,236.5882237599921,10432.76178487865,10.43276178487865,8.392111931112372e-05,0.9772386490075264,0.0226774298731622
2026-02-26 00:00:00+00:00,0.8755415917439999,10352.464736328991,272.2764081546588,10625.616686075397,10.625616686075396,8.239913198556986e-05,0.9742930732571632,0.025624527610851
2026-02-27 00:00:00+00:00,0.8755689104133333,10887.758495264055,867.0859346389254,11755.719998813394,11.755719998813394,7.448024540408516e-05,0.9261668784526214,0.0737586413019745
2026-02-28 00:00:00+00:00,0.8764498277173333,9847.037500646416,630.6982845189254,10478.61223499306,10.47861223499306,8.364178462396493e-05,0.939727253935639,0.060189104279737
2026-03-01 00:00:00+00:00,0.8756052884159999,12786.471498188776,1781.5065490673203,14568.853652544512,14.568853652544512,6.010117949555157e-05,0.8776580370107269,0.1222818618097775
2026-03-02 00:00:00+00:00,0.8757978867039999,11929.24645245706,1400.0758613339872,13330.198111677752,13.33019811167775,6.570029037578731e-05,0.8949039130938793,0.1050303866157449
2026-03-03 00:00:00+00:00,0.8755209057906667,10911.194669246976,1522.0036630043871,12434.073853157151,12.434073853157154,7.041303728209415e-05,0.8775237141185629,0.122405872844155
2026-03-04 00:00:00+00:00,0.8755211212173333,10314.507350423932,1671.4232292603845,11986.806100805534,11.986806100805534,7.304040074182036e-05,0.8604883789461464,0.1394385806531117
2026-03-05 00:00:00+00:00,0.87552107214,10062.816484904102,1556.3490667025203,11620.04107267876,11.62004107267876,7.534578119508889e-05,0.8659880306760678,0.1339366235427372
2026-03-06 00:00:00+00:00,0.8755211511773333,10798.208902980665,1608.5463674265127,12407.630791558357,12.407630791558354,7.05631208637351e-05,0.8702877353771137,0.1296417015020226
2026-03-07 00:00:00+00:00,0.8755209477346666,11825.849703632952,1552.632964547726,13379.358189128412,13.379358189128412,6.543818734489698e-05,0.8838876675894823,0.1160468942231728
2026-03-08 00:00:00+00:00,0.87552089238,10323.800167549198,1450.8826217390858,11775.558310180662,11.775558310180662,7.435069058450168e-05,0.8767142835702036,0.1232113657392119
2026-03-09 00:00:00+00:00,0.8755208862453333,9323.373159211713,523.6894972529204,9847.93817735088,9.84793817735088,8.890397872916488e-05,0.9467335183576188,0.053177577663652
2026-03-10 00:00:00+00:00,0.875521038756,13890.084242415343,389.8490038406538,14280.808767294751,14.280808767294753,6.13075248763976e-05,0.9726398881711638,0.0272988043039598
2026-03-11 00:00:00+00:00,0.8755333038093334,18524.46283863966,389.4580369009204,18914.79640884439,18.914796408844392,4.628827532079287e-05,0.9793635859584398,0.0205901257662394
2026-03-12 00:00:00+00:00,0.8755210260586667,18856.59316487012,395.0955712267871,19252.56425712296,19.25256425712296,4.5475554028328776e-05,0.9794328128469254,0.0205217115990464
2026-03-13 00:00:00+00:00,0.875521006228,19436.509313110982,405.47306945852046,19842.85790357573,19.842857903575727,4.412272720403996e-05,0.979521670092113,0.020434207180683
2026-03-14 00:00:00+00:00,0.8755209475919999,18910.94729194909,394.30009950172047,19306.12291239841,19.306122912398408,4.534939260278612e-05,0.9795310730050552,0.0204235776023419
2026-03-15 00:00:00+00:00,0.8755207880906666,18920.07184213784,389.7906473798538,19310.738010305784,19.310738010305784,4.533854623388383e-05,0.9797694853526856,0.0201851761010806
2026-03-16 00:00:00+00:00,0.8755206820893333,18536.48209912565,2701.706955064368,21239.064574872107,21.239064574872103,4.122218655171659e-05,0.8727541664455468,0.1272046113679013
2026-03-17 00:00:00+00:00,0.8755243970712994,18884.47103854705,2419.1955545649657,21304.542117509085,21.304542117509087,4.109566834350088e-05,0.8864058628618399,0.1135530414698167
2026-03-18 00:00:00+00:00,0.875535958625627,19133.05827084363,2351.207849031269,21485.14165583353,21.485141655833527,4.07507650007933e-05,0.8905251162562724,0.1094341329787268
2026-03-19 00:00:00+00:00,0.8755208806813333,19762.62332340245,2192.845999150318,21956.34484343345,21.95634484343345,3.987552968968685e-05,0.9000871258092359,0.0998729986610744
2026-03-20 00:00:00+00:00,0.8755742917999999,19145.76701214854,2043.2478211323871,21189.89040757273,21.18989040757273,4.132037848988082e-05,0.9035330831775482,0.0964255964439619
2026-03-21 00:00:00+00:00,0.876059841108,19084.625168252715,1759.3595048057205,20844.860732899542,20.84486073289954,4.202761785428053e-05,0.9155554173663228,0.0844025550158229
2026-03-22 00:00:00+00:00,0.8755234251413333,18278.74766117598,402.6720227206538,18682.29520732177,18.682295207321776,4.686380422884053e-05,0.9783994663574506,0.0215536698383206
2026-03-23 00:00:00+00:00,0.8755205670439088,20462.467537583845,389.099390945064,20852.44244909595,20.85244244909595,4.198647564577581e-05,0.9812983580957436,0.0186596554286106
2026-03-24 00:00:00+00:00,0.875528105464,24029.52911831448,758.5267056250166,24788.93135204496,24.78893135204496,3.5319316231507226e-05,0.9693652694040868,0.0305994112796815
2026-03-25 00:00:00+00:00,0.8755243802946666,24415.018383019407,389.0612360187871,24804.95514341849,24.80495514341849,3.529635007330259e-05,0.984279884476931,0.0156848191729956
2026-03-26 00:00:00+00:00,0.8755204722266666,22791.85931485513,389.0466476134538,23181.78148294081,23.18178148294081,3.776760957180756e-05,0.9831798014154944,0.0167824309749338
2026-03-27 00:00:00+00:00,0.8755204592439999,23770.349095431127,389.6447643590538,24160.869380249427,24.160869380249427,3.623712563752792e-05,0.9838366625524853,0.0161271003218772
2026-03-28 00:00:00+00:00,0.8755204620973333,22913.09330335169,389.53389209132047,23303.502715905102,23.303502715905108,3.757033750551899e-05,0.983246749756338,0.0167156799061565
2026-03-29 00:00:00+00:00,0.8759294781573332,22220.6576175797,389.3296595793204,22610.86320663718,22.61086320663718,3.87393205713709e-05,0.9827425611533956,0.0172186995260329
2026-03-30 00:00:00+00:00,0.8756119091479999,21965.66989988184,388.8103246107871,22355.355836401774,22.35535583640177,3.916788064371669e-05,0.9825685648051552,0.0173922673142011
2026-03-31 00:00:00+00:00,0.8755205051826667,22495.033737772592,388.9153569990538,22884.824615276822,22.884824615276827,3.8257689097525816e-05,0.9829672770468152,0.0169944652640873
2026-04-01 00:00:00+00:00,0.8755204652359999,22930.230161128457,295.25121841813336,23226.356900011822,23.226356900011822,3.76951266617088e-05,0.9872504009062558,0.0127119039670824
2026-04-02 00:00:00+00:00,0.8755437116279999,21374.456877825327,294.6356003616,21669.968021898552,21.66996802189855,4.040355346824788e-05,0.986363101977142,0.0135964944693899
2026-04-03 00:00:00+00:00,0.8755204382719999,21674.8041403013,294.6997881834667,21970.37944892304,21.97037944892304,3.985003719700967e-05,0.9865466452544028,0.0134135047084001
2026-04-04 00:00:00+00:00,0.8755247993066666,20215.656370400546,294.90985437973336,20511.441749579582,20.511441749579586,4.268470300604841e-05,0.985579493494888,0.014377821802106
2026-04-05 00:00:00+00:00,0.875520519164,19525.5956178259,294.03164709226667,19820.50278543733,19.82050278543733,4.417246770386012e-05,0.9851211056145304,0.0148347219177658
2026-04-06 00:00:00+00:00,0.8756380853426666,20267.46202163752,293.6324299597333,20561.970089682596,20.561970089682596,4.258532044952428e-05,0.9856770500705644,0.014280364608986
2026-04-07 00:00:00+00:00,0.8779418937826666,20781.74095900816,294.1045865376,21076.72348743954,21.07672348743954,4.1654571893295806e-05,0.9860043460451918,0.0139539993829149
2026-04-08 00:00:00+00:00,0.8755263152826667,15913.213050795268,294.8448083518667,16208.933385462418,16.20893338546242,5.401504802702903e-05,0.9817557190448832,0.0181902659070898
2026-04-09 00:00:00+00:00,0.8755204565333333,17875.434386294502,294.77855563413334,18171.08846238517,18.17108846238517,4.818205900795064e-05,0.9837294239856528,0.0162223939553393
2026-04-10 00:00:00+00:00,0.8755204546786666,13987.297700760191,294.8427469408,14283.015968155669,14.283015968155668,6.129800993226226e-05,0.9792958106288764,0.0206428913611914
2026-04-11 00:00:00+00:00,0.875520407884,10086.481198501526,294.94194422506666,10382.298663134476,10.382298663134478,8.432818552916443e-05,0.9715075173397446,0.0284081544747261
2026-04-12 00:00:00+00:00,0.8755203656546666,11278.85059285053,294.98571034453335,11574.711823560718,11.574711823560715,7.564079166727204e-05,0.9744389981176071,0.0254853610907253
2026-04-13 00:00:00+00:00,0.8755203996093333,11432.910234858762,295.25997055786667,11729.04572581624,11.729045725816238,7.464549291356819e-05,0.9747519535791674,0.0251734009279189
2026-04-14 00:00:00+00:00,0.8755203692213333,9322.939770624438,295.315404304,9619.13069529766,9.61913069529766,9.101865822961882e-05,0.9692081401058398,0.0307008412359305
2026-04-15 00:00:00+00:00,0.8755203926186667,12281.939139522648,326.5709394930667,12609.385599408335,12.609385599408336,6.94340248155904e-05,0.9740315293473892,0.0258990366277949
2026-04-16 00:00:00+00:00,0.875520375784,12353.570603963128,325.7357433034667,12680.18186764238,12.68018186764238,6.904635792473734e-05,0.9742423833436722,0.025688570298403
2026-04-17 00:00:00+00:00,0.8755204444066667,11826.892035480794,304.2014318545333,12131.968987779734,12.131968987779734,7.216639321189818e-05,0.9748534675116431,0.0250743660951448
2026-04-18 00:00:00+00:00,0.8755204367026667,12413.954137106584,294.81649116693336,12709.64614871022,12.70964614871022,6.888629521692189e-05,0.9767348352468772,0.0231962784579058
2026-04-19 00:00:00+00:00,0.8755204100239999,12908.47228640221,294.72603647146667,13204.0738432837,13.2040738432837,6.630683987497817e-05,0.97761285188269,0.022320841277435
2026-04-20 00:00:00+00:00,0.8755203994666666,12383.671233232277,333.46152998693333,12718.008283618676,12.718008283618676,6.884099930917432e-05,0.973711524404569,0.0262196345961219
2026-04-21 00:00:00+00:00,0.8755203605186667,13300.6813687807,339.610233272,13641.16712241322,13.641167122413218,6.418221788956288e-05,0.9750398370918658,0.0248959806902446
2026-04-22 00:00:00+00:00,0.8755203579506666,17197.145037425664,317.7375059970667,17515.75806378068,17.51575806378068,4.998472545479373e-05,0.9818099208041788,0.0181400944703665
2026-04-23 00:00:00+00:00,0.8755205034706666,15537.775650987684,348.77259654213333,15887.423768033288,15.887423768033289,5.510777053937976e-05,0.9779921450984946,0.0219527471309659
2026-04-24 00:00:00+00:00,0.8755205860746667,14222.890290769436,359.86044185493336,14583.626253210445,14.583626253210443,6.0034491481974816e-05,0.9752643165576468,0.0246756489508714
2026-04-25 00:00:00+00:00,0.8755204950533333,12840.795021432818,360.2718292064,13201.942371134272,13.20194237113427,6.631755164813003e-05,0.9726443776567988,0.0272893047915529
2026-04-26 00:00:00+00:00,0.8755203297026666,11759.616518931049,360.1405304608,12120.63256972155,12.12063256972155,7.223388091887188e-05,0.9702147516877664,0.0297130144313147
2026-04-27 00:00:00+00:00,0.8755204000373333,15035.754425174988,360.00676316880003,15396.636708743825,15.396636708743824,5.68643929579842e-05,0.9765609665022564,0.0233821691047857
2026-04-28 00:00:00+00:00,0.8755248498106666,15988.844156389772,358.8396501912,16348.559331430784,16.34855933143078,5.355363931838531e-05,0.9779971330960372,0.0219493132646444
2026-04-29 00:00:00+00:00,0.8755237251693333,15874.522198346474,359.5249148565333,16234.922636928177,16.234922636928175,5.39284199099203e-05,0.977800914322688,0.0221451572574022
2026-04-30 00:00:00+00:00,0.8755204936266666,16595.588386932846,359.8059320784,16956.269839504876,16.956269839504877,5.163402693597568e-05,0.978728726542691,0.0212196394303728
2026-05-01 00:00:00+00:00,0.8755204830693333,13873.608443121328,90.58745108265806,13965.071414687054,13.965071414687054,6.269359153785272e-05,0.9934505904875264,0.0064867159209359
2026-05-02 00:00:00+00:00,0.8755203987533333,14087.605354609324,90.2436706647914,14178.724545672869,14.17872454567287,6.174888269625979e-05,0.9935735269579412,0.0063647241593625
2026-05-03 00:00:00+00:00,0.8755203737866666,13752.775346334,90.58990529465804,13844.240772002446,13.844240772002443,6.324076474870715e-05,0.9933932508705412,0.00654350836471
2026-05-04 00:00:00+00:00,0.87552047508,15134.458316770848,81.94821058692473,15217.282047832852,15.217282047832851,5.753461573019119e-05,0.9945572585957424,0.0053852067885273
2026-05-05 00:00:00+00:00,0.8755204866359999,15424.03554830727,91.07537427172474,15515.98644306563,15.51598644306563,5.642699481909418e-05,0.9940737963972988,0.0058697766078822
2026-05-06 00:00:00+00:00,0.8755205113173332,12826.42598612778,91.2306287487914,12918.53213538789,12.91853213538789,6.777244520830733e-05,0.9928702310529692,0.0070619965018225
2026-05-07 00:00:00+00:00,0.8755204920573333,15717.974328255175,90.7807128855914,15809.630561632825,15.809630561632824,5.537893429224504e-05,0.994202506312824,0.0057421147528836
2026-05-08 00:00:00+00:00,0.8755249954733333,12139.65604609484,86.49456253252472,12227.02613362284,12.22702613362284,7.160571883180536e-05,0.9928543468728064,0.0070740474083616
2026-05-09 00:00:00+00:00,0.875520525156,11665.387642843343,90.03709666399139,11756.30026003249,11.756300260032493,7.447245356028193e-05,0.9922669024116184,0.0076586251348213
2026-05-10 00:00:00+00:00,0.8755205274386666,11326.465720336368,87.15704425145806,11414.498285115264,11.414498285115265,7.670249761046115e-05,0.9922876535980828,0.0076356439043065
2026-05-11 00:00:00+00:00,0.0729600358093333,1204.9859073333332,19.12865067385806,1224.1875180430006,1.2241875180430006,5.959874180547765e-05,0.9843148125375732,0.0156255887206212
